osm_id,name,addr:city,addr:housenumber,addr:street,amenity,level,shop,source,geometry
4345562655,,,,,,,,,-0.2387082|51.5768162
4345562660,,,,,,,,,-0.2385975|51.5768593
4345562661,,,,,,,,,-0.2387517|51.5768593
4345562663,,,,,,,,,-0.2386125|51.5768742
4345562664,,,,,,,,,-0.2385399|51.5769025
4345562665,,,,,,,,,-0.238641|51.5769025
4345562667,,,,,,,,,-0.2385684|51.5769307
6019922914,EasyFix,London,247,Neasden Lane,internet_cafe,0,computer,survey;Bing aerial imagery,-0.2500979|51.5593771
