osm_id,name,shop,geometry
611282347,12 til 10 video,video,-0.1329957|51.5705014
